[
null,
{"id":1,"expanded":false,"name":"bedroom","order":1,"parentId":0,"scrollX":819,"scrollY":453},
{"id":2,"expanded":false,"name":"gym","order":2,"parentId":0,"scrollX":819,"scrollY":453},
{"id":3,"expanded":false,"name":"prison","order":3,"parentId":0,"scrollX":819,"scrollY":453},
{"id":4,"expanded":false,"name":"arcade","order":4,"parentId":0,"scrollX":982.8,"scrollY":543.6},
null,
{"id":6,"expanded":false,"name":"salon","order":5,"parentId":0,"scrollX":982.8,"scrollY":543.6},
{"id":7,"expanded":false,"name":"jewelry store","order":6,"parentId":0,"scrollX":982.8,"scrollY":543.6},
{"id":8,"expanded":false,"name":"clothing store","order":7,"parentId":0,"scrollX":819,"scrollY":453},
{"id":9,"expanded":false,"name":"fast food","order":8,"parentId":0,"scrollX":819,"scrollY":453},
{"id":10,"expanded":false,"name":"grocery","order":9,"parentId":0,"scrollX":819,"scrollY":453},
{"id":11,"expanded":false,"name":"pub","order":10,"parentId":0,"scrollX":982.8,"scrollY":543.6},
{"id":12,"expanded":false,"name":"bakery","order":11,"parentId":0,"scrollX":819,"scrollY":453},
{"id":13,"expanded":false,"name":"fancy restaurant","order":12,"parentId":0,"scrollX":819,"scrollY":453}
]